{"accuracy": 0.9537037037037037, "recall": 0.9537037037037037, "precision": 0.9533221408221408, "f1": 0.9533511212756497}